config,status,accuracy,precision,recall,f1,roc_auc
exp4_logistic_baseline.yaml,success,0.6555,0.5192307692307693,0.7056396148555708,0.5982507288629737,0.7266008335215259
exp5_logistic_l1.yaml,success,0.655,0.5184815184815185,0.7138927097661623,0.6006944444444444,0.7262615468231851
exp1_rf_baseline.yaml,success,0.659,0.5251396648044693,0.6464924346629987,0.5795314426633786,0.7215169357008485
exp3_rf_regularized.yaml,success,0.664,0.5323910482921084,0.6217331499312242,0.5736040609137056,0.7198680455681485
exp2_rf_optimized.yaml,success,0.6635,0.5537848605577689,0.38239339752407153,0.45240032546786,0.6989316791125816
