{
  "accuracy": 0.667,
  "precision": 0.5447870778267254,
  "recall": 0.5103163686382394,
  "f1": 0.5269886363636364,
  "roc_auc": 0.7100060401676552
}