{
  "accuracy": 0.665,
  "precision": 0.5379494007989347,
  "recall": 0.5557083906464925,
  "f1": 0.5466847090663057,
  "roc_auc": 0.7145950548423451
}