{
  "accuracy": 0.6555,
  "precision": 0.5192307692307693,
  "recall": 0.7056396148555708,
  "f1": 0.5982507288629737,
  "roc_auc": 0.7266008335215259
}